model,RMSE
"ARIMA(0, 0, 0)",0.055759344709525246
SeasonalNaive(t-12),0.08735668696572363
